ring_km,pon_near_pon,pon_near_nonpon,pon_dealers,cannibalization_index,competition_index
3.0,1862,2758,978,1.903885480572597,2.820040899795501
5.0,3622,5202,978,3.703476482617587,5.319018404907975
7.5,6350,8466,978,6.492842535787321,8.656441717791411
10.0,9502,12173,978,9.715746421267893,12.446830265848671
